product_id,product_name,category,price,cost,stock_quantity,reorder_level
1,Eco Jacket 1,Clothing,22.25,16.46,457,45
2,Essential Lamp 2,Clothing,299.33,250.63,191,65
3,Classic Yoga Mat 3,Electronics,285.00,160.62,1436,149
4,Eco Drone 4,Groceries,298.73,157.20,13,50
5,Pro Jacket 5,Beauty,146.15,111.64,1563,96
6,Deluxe Headphones 6,Toys,57.38,29.32,1236,77
7,Smart Novel 7,Groceries,272.74,125.67,775,30
8,Essential Novel 8,Beauty,292.89,166.41,93,179
9,Classic Moisturizer 9,Clothing,429.10,216.01,778,81
10,Eco Jacket 10,Home & Garden,191.38,146.63,546,189
11,Ultra Lamp 11,Home & Garden,271.72,204.35,946,107
12,Essential Headphones 12,Sports & Outdoors,345.45,177.17,1589,24
13,Eco Moisturizer 13,Beauty,206.56,170.11,1870,155
14,Classic Blender 14,Sports & Outdoors,331.15,229.08,1872,174
15,Eco Backpack 15,Books,78.41,43.28,1103,77
16,Smart Sneakers 16,Toys,449.92,310.55,449,45
17,Essential Drone 17,Clothing,380.32,192.28,313,170
18,Ultra Lamp 18,Clothing,198.53,121.43,958,145
19,Deluxe Novel 19,Electronics,343.33,276.10,1812,147
20,Eco Novel 20,Beauty,64.65,43.71,929,10
21,Deluxe Lamp 21,Home & Garden,258.75,208.93,1280,86
22,Pro Backpack 22,Sports & Outdoors,84.88,46.26,1104,145
23,Essential Headphones 23,Beauty,249.41,200.84,743,88
24,Classic Jacket 24,Sports & Outdoors,440.21,207.44,175,197
25,Ultra Lamp 25,Home & Garden,72.90,48.11,1125,52
26,Eco Yoga Mat 26,Toys,482.53,230.86,1546,196
27,Smart Sneakers 27,Books,205.50,119.46,764,122
28,Smart Yoga Mat 28,Clothing,131.46,108.38,43,160
29,Pro Headphones 29,Sports & Outdoors,13.51,7.66,120,68
30,Essential Lamp 30,Beauty,44.71,33.75,1370,134
31,Essential Sneakers 31,Home & Garden,364.43,181.14,1180,131
32,Classic Drone 32,Toys,103.29,83.79,882,100
33,Pro Headphones 33,Groceries,433.27,358.89,1338,175
34,Essential Yoga Mat 34,Toys,366.81,194.32,223,73
35,Deluxe Jacket 35,Groceries,78.68,61.10,947,73
36,Eco Lamp 36,Groceries,405.92,206.05,200,22
37,Essential Drone 37,Electronics,484.80,232.44,1738,70
38,Essential Drone 38,Groceries,245.86,123.95,1848,25
39,Ultra Drone 39,Electronics,492.79,366.60,1605,126
40,Smart Lamp 40,Groceries,85.84,62.78,1983,24
41,Smart Lamp 41,Electronics,376.50,311.41,1196,132
42,Pro Backpack 42,Home & Garden,37.86,24.49,1743,57
43,Essential Backpack 43,Clothing,340.84,257.65,245,155
44,Smart Moisturizer 44,Electronics,313.49,213.90,1195,154
45,Classic Blender 45,Books,110.08,62.03,488,77
46,Pro Sneakers 46,Books,234.03,111.96,1916,28
47,Ultra Jacket 47,Clothing,45.89,35.09,543,43
48,Eco Novel 48,Sports & Outdoors,191.06,150.34,1707,149
49,Pro Blender 49,Electronics,337.24,211.84,1908,179
50,Ultra Novel 50,Books,66.55,53.72,1133,49
51,Smart Sneakers 51,Sports & Outdoors,361.62,277.93,1298,77
52,Classic Novel 52,Books,453.60,232.05,189,172
53,Essential Sneakers 53,Electronics,11.73,6.35,1304,77
54,Essential Lamp 54,Toys,284.83,229.36,1935,186
55,Essential Headphones 55,Electronics,418.94,258.49,303,120
56,Ultra Yoga Mat 56,Books,188.67,89.95,1991,20
57,Smart Blender 57,Sports & Outdoors,336.79,238.62,1146,114
58,Classic Headphones 58,Sports & Outdoors,433.65,199.27,1660,55
59,Deluxe Yoga Mat 59,Home & Garden,370.91,265.99,1906,115
60,Deluxe Sneakers 60,Books,88.00,50.11,783,19
61,Deluxe Yoga Mat 61,Sports & Outdoors,107.78,52.02,716,88
62,Deluxe Jacket 62,Sports & Outdoors,21.59,16.68,672,81
63,Ultra Headphones 63,Books,182.05,117.65,1391,147
64,Pro Jacket 64,Clothing,439.74,327.83,1189,77
65,Smart Jacket 65,Toys,179.38,96.04,893,165
66,Classic Headphones 66,Toys,450.75,348.86,90,191
67,Smart Moisturizer 67,Sports & Outdoors,188.46,154.91,1360,94
68,Classic Moisturizer 68,Clothing,362.67,264.70,633,180
69,Eco Drone 69,Toys,351.62,220.90,392,117
70,Ultra Novel 70,Home & Garden,311.59,227.34,1122,10
71,Classic Sneakers 71,Sports & Outdoors,220.64,136.35,1340,92
72,Essential Jacket 72,Groceries,341.05,220.16,1625,198
73,Deluxe Yoga Mat 73,Books,262.56,156.70,686,33
74,Essential Sneakers 74,Books,120.06,92.49,50,21
75,Eco Drone 75,Clothing,233.14,115.53,1178,59
76,Deluxe Jacket 76,Groceries,205.82,162.80,1408,11
77,Classic Headphones 77,Toys,117.22,61.94,1425,142
78,Eco Lamp 78,Sports & Outdoors,459.55,368.31,273,128
79,Smart Drone 79,Beauty,475.51,234.63,1254,194
80,Ultra Yoga Mat 80,Groceries,449.62,248.43,972,125
81,Ultra Sneakers 81,Books,385.24,247.12,1283,71
82,Smart Jacket 82,Clothing,359.63,271.95,687,91
83,Essential Jacket 83,Home & Garden,83.90,58.46,312,190
84,Essential Drone 84,Toys,209.71,132.74,851,25
85,Deluxe Backpack 85,Toys,453.36,279.44,1424,15
86,Deluxe Drone 86,Toys,243.71,115.25,611,109
87,Classic Moisturizer 87,Sports & Outdoors,249.22,184.63,994,17
88,Smart Lamp 88,Toys,364.84,187.45,1883,42
89,Pro Drone 89,Electronics,454.39,278.65,1357,16
90,Ultra Yoga Mat 90,Home & Garden,434.75,337.93,532,107
91,Deluxe Drone 91,Groceries,170.14,92.82,776,81
92,Pro Moisturizer 92,Books,419.10,277.39,1534,148
93,Deluxe Headphones 93,Sports & Outdoors,328.56,176.60,1334,20
94,Essential Sneakers 94,Sports & Outdoors,107.68,90.65,312,71
95,Deluxe Moisturizer 95,Clothing,286.34,218.42,1432,75
96,Deluxe Blender 96,Home & Garden,306.88,142.55,1471,39
97,Eco Drone 97,Books,62.96,52.87,638,157
98,Deluxe Yoga Mat 98,Toys,471.31,363.22,1212,186
99,Deluxe Jacket 99,Clothing,351.61,256.46,1401,163
100,Smart Moisturizer 100,Electronics,180.12,122.24,758,27
101,Ultra Sneakers 101,Electronics,426.28,222.12,216,120
102,Ultra Backpack 102,Home & Garden,223.38,124.31,1977,176
103,Ultra Yoga Mat 103,Groceries,237.78,123.57,1213,78
104,Smart Backpack 104,Clothing,146.66,98.22,1536,128
105,Classic Yoga Mat 105,Toys,174.82,114.03,665,56
106,Eco Novel 106,Beauty,400.93,286.21,1802,162
107,Classic Sneakers 107,Electronics,263.14,203.56,494,194
108,Deluxe Headphones 108,Sports & Outdoors,348.39,206.12,1005,124
109,Eco Backpack 109,Clothing,154.17,106.10,498,88
110,Smart Moisturizer 110,Beauty,241.89,154.24,871,200
111,Pro Yoga Mat 111,Beauty,354.39,262.83,514,69
112,Essential Yoga Mat 112,Beauty,68.57,43.59,1560,186
113,Smart Novel 113,Sports & Outdoors,371.91,274.99,1207,144
114,Ultra Headphones 114,Clothing,417.98,305.75,739,55
115,Eco Blender 115,Home & Garden,144.40,66.47,1133,84
116,Classic Sneakers 116,Groceries,60.26,50.92,582,130
117,Pro Jacket 117,Beauty,100.33,83.22,1927,132
118,Essential Blender 118,Toys,250.95,155.38,1405,23
119,Smart Backpack 119,Books,51.73,38.83,1142,116
120,Ultra Backpack 120,Sports & Outdoors,390.08,272.22,1860,123
121,Pro Yoga Mat 121,Toys,159.63,96.03,1248,199
122,Smart Jacket 122,Sports & Outdoors,139.67,114.18,491,54
123,Ultra Headphones 123,Home & Garden,11.30,7.57,1216,130
124,Pro Yoga Mat 124,Sports & Outdoors,151.16,111.39,1760,126
125,Classic Jacket 125,Books,396.03,237.61,1354,60
126,Pro Headphones 126,Sports & Outdoors,327.33,159.29,1692,46
127,Ultra Sneakers 127,Home & Garden,398.38,243.80,1688,155
128,Smart Lamp 128,Clothing,239.65,174.55,824,79
129,Eco Moisturizer 129,Groceries,224.49,137.12,1821,120
130,Smart Headphones 130,Books,22.66,17.19,1380,157
131,Smart Sneakers 131,Books,292.35,159.26,358,130
132,Pro Sneakers 132,Books,98.92,60.92,1300,135
133,Ultra Drone 133,Beauty,210.08,151.59,214,51
134,Pro Sneakers 134,Groceries,151.22,71.36,1666,150
135,Deluxe Lamp 135,Clothing,164.10,118.27,1986,113
136,Essential Lamp 136,Electronics,332.24,210.30,846,23
137,Essential Novel 137,Beauty,315.08,204.99,905,23
138,Pro Headphones 138,Home & Garden,464.55,313.46,1430,134
139,Classic Jacket 139,Sports & Outdoors,357.78,259.64,28,151
140,Eco Blender 140,Sports & Outdoors,496.20,240.57,945,40
141,Classic Sneakers 141,Groceries,466.99,342.42,1444,79
142,Smart Lamp 142,Groceries,129.42,81.47,785,58
143,Ultra Lamp 143,Home & Garden,433.36,320.47,1617,116
144,Smart Sneakers 144,Books,412.06,303.63,611,160
145,Deluxe Lamp 145,Home & Garden,228.80,150.15,680,151
146,Essential Backpack 146,Toys,233.11,168.14,386,188
147,Eco Sneakers 147,Toys,124.44,67.17,89,91
148,Essential Sneakers 148,Toys,199.17,116.42,1680,176
149,Deluxe Sneakers 149,Electronics,71.85,33.33,679,35
150,Classic Blender 150,Clothing,267.71,178.62,1479,46
151,Eco Drone 151,Clothing,240.04,110.98,693,169
152,Classic Moisturizer 152,Clothing,427.35,217.55,1759,146
153,Eco Novel 153,Groceries,437.46,365.56,140,70
154,Eco Jacket 154,Sports & Outdoors,375.91,254.27,201,172
155,Ultra Headphones 155,Groceries,91.51,66.82,59,21
156,Classic Backpack 156,Books,185.64,125.81,500,145
157,Smart Yoga Mat 157,Home & Garden,93.28,76.34,1783,107
158,Ultra Sneakers 158,Groceries,457.28,362.51,944,173
159,Eco Lamp 159,Books,336.74,165.15,952,83
160,Eco Drone 160,Home & Garden,46.18,21.79,1203,86
161,Pro Yoga Mat 161,Books,233.84,170.50,787,133
162,Pro Drone 162,Toys,290.23,179.97,1432,85
163,Pro Backpack 163,Books,13.96,7.03,1593,200
164,Smart Moisturizer 164,Groceries,418.08,204.37,1588,68
165,Deluxe Blender 165,Sports & Outdoors,321.93,193.69,1388,194
166,Pro Backpack 166,Clothing,452.66,267.73,632,122
167,Eco Drone 167,Beauty,368.85,300.22,604,93
168,Smart Lamp 168,Home & Garden,108.38,58.03,1794,103
169,Deluxe Novel 169,Books,416.92,311.53,1688,133
170,Deluxe Yoga Mat 170,Beauty,404.06,267.76,154,46
171,Deluxe Drone 171,Toys,483.95,255.61,749,33
172,Eco Novel 172,Electronics,139.57,111.74,754,182
173,Essential Sneakers 173,Toys,412.97,195.70,221,182
174,Essential Jacket 174,Electronics,313.57,148.23,671,166
175,Essential Headphones 175,Groceries,455.59,332.18,836,39
176,Smart Blender 176,Electronics,159.13,103.90,199,70
177,Smart Drone 177,Toys,232.28,135.14,1521,188
178,Smart Drone 178,Home & Garden,443.84,260.99,1707,135
179,Essential Moisturizer 179,Books,26.02,18.26,908,123
180,Ultra Headphones 180,Clothing,490.64,344.96,1846,175
181,Pro Yoga Mat 181,Toys,145.17,67.17,1943,126
182,Essential Jacket 182,Electronics,34.77,24.92,257,154
183,Deluxe Blender 183,Sports & Outdoors,297.32,156.03,477,94
184,Ultra Blender 184,Electronics,145.85,66.57,266,148
185,Deluxe Yoga Mat 185,Clothing,333.91,280.38,30,101
186,Classic Lamp 186,Beauty,17.72,13.18,259,199
187,Smart Backpack 187,Clothing,375.37,247.55,1593,102
188,Eco Lamp 188,Clothing,231.47,176.24,1259,21
189,Deluxe Drone 189,Books,234.43,108.87,124,132
190,Pro Jacket 190,Toys,346.18,226.36,1863,123
191,Eco Backpack 191,Beauty,308.06,253.75,563,169
192,Smart Backpack 192,Beauty,196.63,120.15,603,126
193,Eco Lamp 193,Toys,58.59,33.35,1746,177
194,Deluxe Sneakers 194,Sports & Outdoors,220.72,109.21,847,96
195,Eco Novel 195,Toys,213.82,173.62,874,90
196,Pro Jacket 196,Beauty,477.25,274.55,971,27
197,Smart Headphones 197,Clothing,221.61,122.36,763,43
198,Deluxe Drone 198,Beauty,338.30,231.96,1789,180
199,Smart Lamp 199,Electronics,484.51,295.47,720,36
200,Ultra Lamp 200,Sports & Outdoors,85.81,56.39,1735,37
201,Deluxe Lamp 201,Beauty,66.28,48.96,463,119
202,Pro Blender 202,Electronics,308.40,180.99,1420,78
203,Pro Blender 203,Books,354.31,257.37,695,99
204,Eco Headphones 204,Home & Garden,287.49,198.28,290,199
205,Ultra Blender 205,Clothing,375.58,286.93,859,126
206,Smart Jacket 206,Beauty,162.69,117.18,1928,155
207,Pro Novel 207,Electronics,86.22,47.27,101,182
208,Ultra Yoga Mat 208,Groceries,334.34,219.24,905,116
209,Smart Sneakers 209,Clothing,179.12,144.31,1388,183
210,Pro Yoga Mat 210,Books,32.24,22.31,1227,24
211,Ultra Moisturizer 211,Books,473.20,256.98,1565,75
212,Classic Lamp 212,Clothing,13.78,7.59,359,43
213,Pro Drone 213,Sports & Outdoors,255.12,131.81,1651,100
214,Smart Drone 214,Electronics,223.74,149.03,159,90
215,Pro Moisturizer 215,Toys,357.64,244.24,235,113
216,Ultra Jacket 216,Home & Garden,402.64,242.69,1703,186
217,Smart Jacket 217,Toys,423.79,318.97,1206,112
218,Deluxe Blender 218,Toys,436.55,240.83,453,95
219,Deluxe Moisturizer 219,Clothing,260.13,209.24,1044,59
220,Essential Jacket 220,Beauty,366.41,191.42,1669,47
221,Pro Blender 221,Home & Garden,135.41,105.70,313,177
222,Eco Backpack 222,Groceries,237.33,148.21,1186,124
223,Pro Sneakers 223,Beauty,433.47,259.70,309,122
224,Ultra Lamp 224,Groceries,319.37,169.73,1211,24
225,Deluxe Novel 225,Clothing,162.09,108.48,116,104
226,Smart Lamp 226,Clothing,325.88,149.59,184,167
227,Pro Sneakers 227,Toys,236.72,148.72,1621,199
228,Classic Jacket 228,Sports & Outdoors,167.54,110.53,308,25
229,Pro Yoga Mat 229,Beauty,491.36,401.08,1323,54
230,Ultra Moisturizer 230,Groceries,495.57,317.35,1248,50
231,Pro Moisturizer 231,Books,199.82,107.95,1390,163
232,Ultra Backpack 232,Clothing,171.54,107.52,791,82
233,Ultra Drone 233,Home & Garden,173.34,106.93,289,99
234,Classic Moisturizer 234,Home & Garden,301.56,143.18,634,153
235,Smart Jacket 235,Home & Garden,338.35,175.40,1513,185
236,Essential Moisturizer 236,Toys,259.15,218.39,632,56
237,Ultra Jacket 237,Groceries,104.07,46.83,317,29
238,Smart Drone 238,Electronics,334.34,166.98,1265,43
239,Deluxe Blender 239,Home & Garden,89.49,46.31,1579,169
240,Classic Backpack 240,Groceries,31.40,22.11,1473,70
241,Essential Novel 241,Books,378.66,203.14,479,146
242,Classic Sneakers 242,Groceries,452.94,349.85,1389,156
243,Deluxe Yoga Mat 243,Books,391.27,253.87,857,51
244,Smart Jacket 244,Home & Garden,437.76,362.96,984,105
245,Smart Blender 245,Clothing,149.67,81.53,558,125
246,Ultra Headphones 246,Toys,54.93,26.68,1672,125
247,Pro Moisturizer 247,Toys,36.09,23.43,482,108
248,Eco Moisturizer 248,Sports & Outdoors,23.80,11.37,1718,192
249,Eco Blender 249,Home & Garden,77.41,56.92,1699,130
250,Ultra Yoga Mat 250,Groceries,229.80,194.85,162,14
251,Pro Novel 251,Home & Garden,278.90,155.94,1080,118
252,Deluxe Backpack 252,Sports & Outdoors,157.55,130.91,859,173
253,Smart Headphones 253,Groceries,40.77,21.01,1023,162
254,Ultra Yoga Mat 254,Sports & Outdoors,362.08,265.58,3,167
255,Pro Lamp 255,Toys,101.77,59.31,1072,102
256,Ultra Novel 256,Electronics,201.31,133.26,1301,109
257,Eco Jacket 257,Electronics,184.97,152.22,493,197
258,Essential Sneakers 258,Beauty,75.36,53.44,693,174
259,Deluxe Sneakers 259,Groceries,319.54,167.89,129,193
260,Ultra Novel 260,Electronics,153.78,128.02,408,20
261,Deluxe Yoga Mat 261,Toys,494.66,313.01,518,19
262,Ultra Novel 262,Books,184.91,99.42,1773,177
263,Classic Drone 263,Clothing,401.67,271.21,819,200
264,Deluxe Lamp 264,Beauty,487.11,317.36,1018,104
265,Smart Blender 265,Books,402.55,225.09,161,120
266,Ultra Sneakers 266,Books,167.38,136.92,1353,85
267,Eco Moisturizer 267,Toys,91.65,61.63,915,20
268,Pro Drone 268,Toys,144.52,66.19,1941,24
269,Essential Backpack 269,Beauty,261.40,143.78,327,17
270,Ultra Moisturizer 270,Groceries,27.04,22.26,1594,175
271,Classic Moisturizer 271,Toys,475.23,397.79,314,183
272,Ultra Drone 272,Beauty,227.52,186.40,281,145
273,Eco Blender 273,Beauty,328.27,246.26,232,16
274,Deluxe Novel 274,Groceries,263.69,127.78,241,77
275,Essential Jacket 275,Groceries,115.13,69.68,1421,135
276,Classic Jacket 276,Home & Garden,427.87,286.33,1840,192
277,Ultra Novel 277,Beauty,337.23,190.94,1126,148
278,Deluxe Moisturizer 278,Home & Garden,358.78,171.88,1306,54
279,Deluxe Sneakers 279,Sports & Outdoors,69.46,53.46,284,70
280,Essential Backpack 280,Electronics,186.83,116.04,957,151
281,Classic Lamp 281,Clothing,42.21,29.15,1468,194
282,Ultra Jacket 282,Toys,386.88,201.43,151,42
283,Eco Backpack 283,Groceries,238.25,153.21,262,151
284,Deluxe Jacket 284,Home & Garden,386.20,308.34,1029,24
285,Essential Moisturizer 285,Home & Garden,159.01,124.86,1914,191
286,Ultra Blender 286,Books,424.50,318.27,1300,151
287,Smart Backpack 287,Books,311.06,252.78,1312,53
288,Ultra Backpack 288,Home & Garden,93.88,56.35,1847,164
289,Deluxe Backpack 289,Electronics,414.36,347.50,93,174
290,Eco Headphones 290,Books,329.04,178.74,853,168
291,Classic Yoga Mat 291,Groceries,445.60,281.52,1314,87
292,Classic Drone 292,Toys,155.73,127.83,122,50
293,Deluxe Moisturizer 293,Groceries,237.57,169.60,294,90
294,Smart Jacket 294,Beauty,487.92,389.21,758,141
295,Essential Jacket 295,Beauty,128.44,102.88,920,73
296,Essential Blender 296,Electronics,152.19,105.98,1260,117
297,Classic Lamp 297,Beauty,467.53,262.54,388,50
298,Classic Lamp 298,Groceries,254.38,184.83,47,33
299,Pro Novel 299,Groceries,483.67,369.49,722,22
300,Ultra Lamp 300,Groceries,302.77,155.28,1377,130
301,Eco Moisturizer 301,Electronics,425.10,288.06,1807,77
302,Essential Moisturizer 302,Toys,189.30,130.57,1167,153
303,Ultra Backpack 303,Books,46.02,29.84,1565,150
304,Smart Moisturizer 304,Clothing,73.04,59.26,764,96
305,Pro Headphones 305,Home & Garden,107.53,69.50,1024,20
306,Essential Backpack 306,Home & Garden,359.65,190.04,1063,126
307,Smart Novel 307,Home & Garden,170.69,103.23,332,110
308,Smart Novel 308,Beauty,258.57,167.07,1003,191
309,Classic Backpack 309,Groceries,409.71,287.88,1379,38
310,Pro Backpack 310,Books,400.40,224.17,1409,171
311,Smart Yoga Mat 311,Groceries,140.10,82.35,1990,158
312,Smart Drone 312,Electronics,295.92,231.35,1288,194
313,Pro Yoga Mat 313,Home & Garden,412.60,310.74,1172,189
314,Essential Drone 314,Electronics,226.10,154.31,845,186
315,Essential Lamp 315,Groceries,437.67,243.20,127,190
316,Classic Moisturizer 316,Sports & Outdoors,284.82,128.38,979,144
317,Eco Novel 317,Home & Garden,235.23,149.78,1118,100
318,Essential Novel 318,Groceries,104.20,78.29,1142,86
319,Classic Moisturizer 319,Books,355.39,203.96,1001,91
320,Classic Moisturizer 320,Books,151.01,93.72,1112,107
321,Ultra Sneakers 321,Home & Garden,152.31,111.94,1462,30
322,Ultra Lamp 322,Books,376.19,287.56,1695,147
323,Essential Headphones 323,Books,77.25,46.64,1201,71
324,Eco Sneakers 324,Sports & Outdoors,322.58,267.42,846,94
325,Essential Drone 325,Clothing,343.77,273.30,1975,150
326,Ultra Novel 326,Groceries,243.94,187.89,1974,83
327,Smart Headphones 327,Electronics,454.88,370.37,1175,69
328,Deluxe Drone 328,Home & Garden,214.75,110.59,1912,19
329,Pro Headphones 329,Groceries,101.28,55.75,1786,84
330,Classic Lamp 330,Books,288.29,232.67,686,82
331,Ultra Yoga Mat 331,Groceries,445.73,354.94,1032,129
332,Eco Blender 332,Clothing,172.03,95.91,1327,75
333,Deluxe Yoga Mat 333,Electronics,370.93,197.96,1162,182
334,Smart Moisturizer 334,Home & Garden,309.36,183.92,830,119
335,Ultra Yoga Mat 335,Clothing,206.40,167.56,287,132
336,Ultra Novel 336,Electronics,137.77,104.13,1543,78
337,Eco Jacket 337,Electronics,138.15,97.56,483,25
338,Deluxe Novel 338,Groceries,160.33,110.28,1029,190
339,Essential Yoga Mat 339,Clothing,322.96,153.00,752,167
340,Classic Lamp 340,Home & Garden,244.30,163.19,1240,105
341,Deluxe Yoga Mat 341,Groceries,381.09,201.67,1690,65
342,Smart Jacket 342,Clothing,267.49,170.85,740,29
343,Smart Blender 343,Electronics,416.09,203.40,414,156
344,Essential Backpack 344,Home & Garden,170.77,109.61,238,184
345,Classic Blender 345,Groceries,54.55,35.23,1656,24
346,Deluxe Novel 346,Toys,233.82,193.35,946,182
347,Smart Jacket 347,Electronics,204.00,106.78,1527,65
348,Pro Sneakers 348,Electronics,217.60,124.00,1108,25
349,Eco Drone 349,Electronics,150.66,117.22,277,174
350,Classic Jacket 350,Beauty,496.49,346.06,1780,106
351,Classic Lamp 351,Home & Garden,330.22,234.75,365,147
352,Ultra Sneakers 352,Home & Garden,366.64,278.99,7,15
353,Ultra Blender 353,Toys,270.64,140.91,506,127
354,Pro Drone 354,Books,102.35,51.16,1567,38
355,Classic Backpack 355,Electronics,127.92,105.29,1216,18
356,Smart Yoga Mat 356,Electronics,129.91,108.12,898,69
357,Smart Moisturizer 357,Electronics,78.66,35.60,479,197
358,Essential Drone 358,Beauty,126.07,62.97,1352,143
359,Essential Drone 359,Books,144.82,90.84,1211,198
360,Classic Lamp 360,Groceries,32.96,23.48,1317,181
361,Essential Lamp 361,Beauty,351.18,241.15,614,106
362,Essential Sneakers 362,Groceries,128.06,97.31,1756,191
363,Essential Drone 363,Electronics,285.56,132.18,1141,145
364,Deluxe Moisturizer 364,Sports & Outdoors,134.94,96.87,161,125
365,Classic Backpack 365,Clothing,272.45,141.19,105,78
366,Eco Lamp 366,Electronics,438.06,339.38,1559,160
367,Pro Yoga Mat 367,Sports & Outdoors,244.89,122.99,681,87
368,Essential Backpack 368,Sports & Outdoors,481.41,386.61,1544,132
369,Classic Sneakers 369,Sports & Outdoors,204.34,154.13,658,82
370,Classic Jacket 370,Beauty,161.12,113.77,1807,137
371,Ultra Drone 371,Groceries,383.19,276.63,416,104
372,Ultra Lamp 372,Electronics,285.63,217.50,298,14
373,Smart Yoga Mat 373,Toys,154.63,119.30,471,107
374,Deluxe Sneakers 374,Groceries,279.80,132.24,691,75
375,Essential Lamp 375,Groceries,235.80,131.31,721,53
376,Smart Headphones 376,Groceries,100.17,49.51,1314,25
377,Classic Blender 377,Clothing,473.13,275.70,1565,11
378,Classic Moisturizer 378,Sports & Outdoors,43.29,34.18,447,139
379,Eco Sneakers 379,Electronics,312.73,182.41,1262,133
380,Smart Novel 380,Electronics,13.23,8.33,24,14
381,Deluxe Blender 381,Books,18.39,9.65,1380,120
382,Smart Lamp 382,Clothing,459.83,294.41,493,59
383,Ultra Drone 383,Books,409.45,304.25,812,30
384,Eco Jacket 384,Groceries,286.84,130.20,462,86
385,Pro Headphones 385,Electronics,55.81,38.97,1131,131
386,Smart Jacket 386,Home & Garden,50.51,25.85,1320,94
387,Classic Novel 387,Electronics,122.58,60.00,1417,155
388,Smart Headphones 388,Electronics,462.83,266.69,574,149
389,Smart Blender 389,Home & Garden,465.09,336.82,1969,63
390,Smart Drone 390,Toys,465.14,339.69,1154,71
391,Eco Jacket 391,Beauty,198.07,109.75,1618,186
392,Ultra Backpack 392,Beauty,36.30,24.51,1717,29
393,Deluxe Sneakers 393,Toys,484.76,348.76,1298,79
394,Essential Backpack 394,Groceries,121.78,76.57,768,120
395,Eco Jacket 395,Toys,51.98,31.32,1634,73
396,Essential Drone 396,Clothing,141.30,98.62,1605,172
397,Classic Moisturizer 397,Beauty,186.73,151.89,1931,88
398,Smart Lamp 398,Books,60.08,48.97,882,124
399,Smart Backpack 399,Toys,60.60,49.34,1135,33
400,Deluxe Jacket 400,Beauty,433.21,366.09,847,109
401,Essential Novel 401,Sports & Outdoors,290.25,227.02,779,53
402,Ultra Drone 402,Books,141.51,112.02,342,121
403,Eco Sneakers 403,Books,247.26,202.57,515,73
404,Ultra Backpack 404,Sports & Outdoors,234.34,186.49,13,111
405,Deluxe Backpack 405,Toys,403.99,290.14,685,120
406,Classic Moisturizer 406,Home & Garden,157.20,95.69,1423,61
407,Eco Sneakers 407,Home & Garden,482.63,223.22,596,198
408,Ultra Jacket 408,Sports & Outdoors,169.67,125.20,1609,110
409,Pro Sneakers 409,Sports & Outdoors,300.18,189.64,1396,150
410,Deluxe Drone 410,Sports & Outdoors,224.83,164.91,1418,27
411,Essential Drone 411,Groceries,78.19,56.99,517,178
412,Classic Lamp 412,Toys,46.23,20.98,981,159
413,Deluxe Lamp 413,Toys,276.38,147.51,736,189
414,Essential Backpack 414,Clothing,63.58,47.73,1361,100
415,Deluxe Moisturizer 415,Electronics,285.97,169.29,1324,112
416,Eco Lamp 416,Toys,61.90,50.18,454,140
417,Smart Lamp 417,Sports & Outdoors,228.42,158.42,1581,183
418,Classic Jacket 418,Home & Garden,179.02,150.41,214,85
419,Ultra Sneakers 419,Clothing,417.34,232.85,713,89
420,Eco Sneakers 420,Sports & Outdoors,265.34,188.57,199,122
421,Pro Moisturizer 421,Beauty,42.91,35.70,1455,39
422,Smart Blender 422,Clothing,341.79,268.05,1516,72
423,Deluxe Drone 423,Home & Garden,172.17,116.98,946,69
424,Eco Backpack 424,Home & Garden,101.32,59.48,810,17
425,Essential Yoga Mat 425,Sports & Outdoors,230.28,156.17,9,190
426,Pro Lamp 426,Books,378.63,199.35,128,157
427,Eco Sneakers 427,Home & Garden,189.23,145.93,233,77
428,Ultra Moisturizer 428,Beauty,302.51,183.16,1202,39
429,Smart Backpack 429,Groceries,312.50,163.91,1445,86
430,Pro Blender 430,Clothing,339.32,245.92,488,88
431,Essential Backpack 431,Beauty,349.77,225.84,856,162
432,Eco Blender 432,Toys,217.28,142.39,1100,187
433,Smart Headphones 433,Home & Garden,249.91,198.40,644,125
434,Smart Lamp 434,Beauty,476.39,312.59,399,108
435,Classic Blender 435,Groceries,210.47,137.50,1454,123
436,Pro Novel 436,Clothing,287.03,152.60,451,84
437,Eco Sneakers 437,Sports & Outdoors,273.42,214.01,936,154
438,Smart Headphones 438,Clothing,290.62,215.89,1112,103
439,Deluxe Yoga Mat 439,Groceries,277.70,126.10,209,198
440,Deluxe Jacket 440,Books,438.65,367.19,538,99
441,Essential Backpack 441,Groceries,433.98,348.51,1662,70
442,Smart Blender 442,Beauty,431.90,261.69,876,52
443,Smart Novel 443,Sports & Outdoors,408.62,215.68,1167,99
444,Ultra Lamp 444,Home & Garden,168.58,95.82,592,156
445,Ultra Blender 445,Clothing,76.43,42.03,842,25
446,Deluxe Drone 446,Home & Garden,132.33,74.83,1696,73
447,Classic Sneakers 447,Groceries,79.65,47.56,1285,116
448,Smart Novel 448,Clothing,320.47,159.58,190,113
449,Deluxe Jacket 449,Beauty,232.79,152.43,1191,10
450,Deluxe Lamp 450,Groceries,321.06,183.35,1741,26
451,Ultra Moisturizer 451,Toys,116.73,79.16,433,136
452,Deluxe Moisturizer 452,Books,175.49,108.60,1159,134
453,Pro Jacket 453,Electronics,32.50,19.49,1713,127
454,Essential Blender 454,Home & Garden,226.22,192.23,1962,119
455,Eco Moisturizer 455,Books,87.89,41.92,561,33
456,Pro Drone 456,Books,50.38,29.43,1328,52
457,Pro Jacket 457,Books,365.72,200.38,879,177
458,Smart Sneakers 458,Electronics,114.57,93.81,1215,67
459,Eco Blender 459,Electronics,13.94,9.93,246,118
460,Pro Moisturizer 460,Groceries,44.70,31.14,1496,36
461,Eco Blender 461,Beauty,441.67,351.20,1584,44
462,Classic Moisturizer 462,Clothing,269.94,228.53,1331,52
463,Eco Sneakers 463,Sports & Outdoors,317.75,250.85,843,167
464,Smart Drone 464,Sports & Outdoors,52.47,42.49,1541,41
465,Ultra Jacket 465,Beauty,481.98,349.05,286,73
466,Deluxe Headphones 466,Sports & Outdoors,281.15,171.50,1244,82
467,Ultra Headphones 467,Books,110.66,67.20,386,110
468,Smart Jacket 468,Sports & Outdoors,252.48,203.23,1023,173
469,Deluxe Backpack 469,Electronics,493.56,235.15,270,109
470,Deluxe Jacket 470,Toys,189.04,109.04,1562,130
471,Pro Drone 471,Electronics,297.80,251.49,441,20
472,Eco Drone 472,Books,317.99,206.56,850,118
473,Pro Novel 473,Clothing,323.85,205.63,312,81
474,Smart Moisturizer 474,Clothing,260.53,200.27,1654,49
475,Eco Jacket 475,Toys,297.34,161.97,1330,184
476,Pro Yoga Mat 476,Books,352.34,196.61,1733,71
477,Pro Novel 477,Clothing,463.06,372.12,1253,165
478,Essential Sneakers 478,Home & Garden,68.52,38.84,1436,12
479,Essential Moisturizer 479,Beauty,266.26,142.93,1476,76
480,Deluxe Headphones 480,Home & Garden,377.38,188.92,1501,40
481,Eco Backpack 481,Beauty,405.47,300.54,130,77
482,Deluxe Backpack 482,Clothing,253.10,163.42,113,137
483,Eco Jacket 483,Home & Garden,190.16,142.23,210,156
484,Essential Headphones 484,Sports & Outdoors,372.97,316.64,1758,13
485,Smart Drone 485,Groceries,188.34,90.76,366,19
486,Ultra Jacket 486,Sports & Outdoors,167.67,114.60,1475,91
487,Essential Lamp 487,Beauty,68.50,39.77,107,55
488,Deluxe Novel 488,Electronics,477.49,392.70,952,82
489,Ultra Backpack 489,Beauty,52.32,34.91,755,61
490,Classic Yoga Mat 490,Books,372.38,280.39,754,161
491,Smart Moisturizer 491,Sports & Outdoors,83.77,39.96,48,69
492,Deluxe Novel 492,Electronics,475.98,404.30,1346,106
493,Pro Blender 493,Clothing,110.54,50.49,859,135
494,Classic Moisturizer 494,Books,55.57,26.76,1837,143
495,Essential Drone 495,Groceries,487.52,397.84,195,139
496,Essential Novel 496,Clothing,300.02,247.54,1356,43
497,Deluxe Moisturizer 497,Books,426.94,204.75,804,189
498,Essential Backpack 498,Beauty,231.84,175.40,1932,61
499,Classic Jacket 499,Clothing,86.14,67.56,954,90
500,Ultra Jacket 500,Beauty,482.66,370.17,631,128
